model,resource_class,job_s,image_ensure_s,proof_step_s,lease_wait_s,lease_hold_s,projection_s,configure_s,scratch_build_s,dso_s,cpp_tests_s,python_tests_s,e2e_s,engine_build_s,result_verification_s,html_report_s
albert,shared,321.0,125.0,185.0,1.029,179.34,1.104,9.556,35.029,1.251,6.734,26.095,96.754,62.373,0.166,0.209
bark,exclusive_gpu,1080.0,28.0,1041.0,462.945,572.226,1.004,8.594,40.851,1.742,6.844,7.169,501.536,334.983,0.235,0.25
bart,shared,416.0,26.0,380.0,131.945,242.779,1.368,11.446,40.756,1.355,0.114,28.067,156.033,118.802,0.187,0.222
bert,shared,314.0,137.0,167.0,0.035,161.267,1.04,9.671,32.4,1.272,6.226,3.671,104.17,69.938,0.166,0.194
bloom,shared,450.0,27.0,411.0,23.883,382.116,1.083,8.773,43.963,1.238,0.12,111.929,211.167,158.171,0.173,0.183
canary,shared,1274.0,29.0,1234.0,730.699,497.775,1.142,9.484,35.943,1.409,5.678,3.901,436.734,356.994,0.246,0.304
chronos_bolt,shared,295.0,133.0,151.0,0.022,145.767,1.042,9.277,36.904,1.334,0.119,1.232,92.781,47.007,0.198,0.233
codegen,shared,556.0,38.0,506.0,35.962,465.705,1.186,9.848,43.969,1.377,0.125,140.952,264.181,216.498,0.186,0.258
convbert,shared,335.0,106.0,218.0,0.042,212.157,1.141,8.891,38.78,1.361,7.307,3.78,147.969,112.62,0.218,0.217
deberta,shared,354.0,114.0,230.0,0.03,224.305,1.112,9.59,37.804,1.462,6.478,28.9,136.038,100.809,0.208,0.22
deepseek_ocr,shared,3477.0,139.0,3327.0,2379.796,942.42,1.306,11.543,36.705,1.478,16.389,1.41,868.489,769.553,0.184,0.306
deepseek_v2,shared,285.0,143.0,132.0,0.02,126.937,1.019,8.419,44.278,1.176,0.104,3.057,66.202,32.29,0.207,0.215
distilbert,shared,313.0,142.0,161.0,0.028,155.263,1.08,10.025,31.521,1.312,6.683,26.897,74.902,43.421,0.176,0.204
dpr,shared,285.0,98.0,178.0,0.035,172.557,1.173,9.233,36.61,1.173,6.33,25.824,89.266,53.154,0.177,0.271
eagle_vlm,shared,628.0,63.0,555.0,170.97,378.13,1.073,9.388,35.209,1.289,6.801,3.617,317.049,220.047,0.201,0.253
electra,shared,274.0,82.0,182.0,0.023,176.553,1.052,9.809,37.312,1.352,6.273,25.672,92.2,57.291,0.183,0.208
elf_flow,shared,281.0,61.0,210.0,0.019,203.887,0.875,7.654,34.972,1.15,0.18,33.038,123.434,92.772,0.197,0.223
falcon,shared,610.0,26.0,573.0,62.126,505.507,1.126,9.698,48.386,1.391,0.117,103.515,338.113,280.636,0.203,0.225
flux,exclusive_gpu,4103.0,146.0,3946.0,2909.205,1030.958,1.311,10.258,46.136,1.684,1.581,6.821,958.806,575.453,0.185,0.231
fnet,shared,272.0,71.0,190.0,0.017,184.438,1.271,10.318,34.729,1.359,7.249,28.759,97.834,64.975,0.183,0.226
gemma,shared,543.0,22.0,510.0,0.014,505.745,1.035,8.79,38.877,1.226,0.102,78.33,374.585,326.613,0.192,0.236
glm,shared,2174.0,25.0,2139.0,1441.662,691.941,1.683,12.017,45.582,1.276,0.11,3.856,623.281,480.501,0.208,0.239
gpt2,exclusive_gpu,823.0,26.0,786.0,382.497,398.955,1.142,9.63,47.513,1.657,0.133,138.395,196.843,153.693,0.235,0.223
gpt_neo,shared,462.0,85.0,367.0,0.034,361.744,1.165,9.625,45.048,1.608,0.124,104.441,196.724,156.812,0.192,0.22
gpt_neox,shared,495.0,26.0,457.0,175.365,275.219,1.358,11.864,48.868,1.337,0.116,113.374,94.782,58.731,0.197,0.261
gpt_oss,exclusive_gpu,3186.0,371.0,2803.0,1624.837,1172.973,1.192,11.947,42.821,1.312,0.114,32.261,1077.5,867.516,0.203,0.243
granite,shared,846.0,23.0,811.0,50.414,755.152,1.302,10.277,42.416,1.421,0.127,170.785,525.454,452.114,0.194,0.213
internlm,shared,657.0,105.0,541.0,0.028,536.811,1.059,8.432,38.018,1.968,0.179,116.855,367.37,325.4,0.201,0.221
internvl,shared,834.0,48.0,774.0,435.146,333.876,1.151,10.029,37.936,1.347,8.289,3.477,268.27,213.089,0.188,0.23
lance,shared,3652.0,322.0,3318.0,2939.911,373.203,1.281,10.845,39.081,1.387,9.595,1.415,305.124,257.118,0.213,0.257
llama,shared,1464.0,22.0,1430.0,632.087,792.06,1.398,11.761,42.203,1.1,0.099,342.435,389.982,322.772,0.18,0.228
locateanything,shared,3815.0,345.0,3459.0,2917.698,536.585,1.194,9.83,40.373,1.228,10.044,3.77,466.835,295.504,0.189,0.24
ltx_video,shared,2410.0,43.0,2358.0,1659.976,692.6,1.087,8.401,35.77,1.219,0.327,1.585,641.203,542.97,0.2,0.26
m2m_100,shared,450.0,82.0,358.0,0.024,352.69,1.059,9.127,30.986,1.28,0.109,81.462,225.72,171.199,0.211,0.239
magpie_tts,shared,2979.0,23.0,2945.0,2230.054,707.569,1.322,11.871,38.214,1.545,7.545,1.538,638.77,396.526,0.243,0.266
mamba,shared,300.0,121.0,168.0,0.031,162.993,1.173,9.396,34.95,1.507,0.118,38.143,74.755,29.486,0.178,0.207
marian,shared,327.0,87.0,228.0,0.016,222.117,1.105,9.602,36.117,1.368,0.118,2.947,167.86,130.797,0.205,0.237
mistral,shared,1060.0,26.0,1023.0,381.147,636.595,1.155,14.73,45.862,1.453,0.123,100.834,448.575,388.165,0.201,0.23
mixtral,exclusive_gpu,451.0,116.0,325.0,149.967,169.563,1.182,9.894,40.039,1.22,0.106,47.22,66.904,37.174,0.161,0.189
modernbert,shared,374.0,136.0,229.0,0.057,223.084,1.162,9.374,35.512,1.403,7.796,30.726,134.044,95.408,0.217,0.231
mpnet,shared,273.0,91.0,172.0,0.024,166.033,1.072,8.774,37.482,1.251,6.435,1.403,106.717,72.424,0.188,0.231
nemotron,shared,1034.0,40.0,983.0,288.336,689.119,1.046,7.97,43.231,1.55,0.126,120.095,512.011,456.464,0.167,0.239
nemotron_h,shared,1691.0,25.0,1655.0,1131.863,518.081,1.068,8.068,34.896,1.158,0.098,1.291,468.534,262.093,0.192,0.218
nemotron_labs_diffusion,exclusive_gpu,2142.0,249.0,1882.0,1197.725,678.549,0.981,8.428,41.981,1.116,0.094,2.79,620.388,464.422,0.182,0.267
nemotron_speech_streaming,shared,2010.0,222.0,1777.0,0.038,1771.528,1.075,8.412,38.292,1.368,0.396,3.198,1710.062,1660.001,0.225,0.248
olmo,shared,901.0,28.0,864.0,458.274,400.715,1.348,10.827,51.488,1.324,0.113,90.106,242.251,195.9,0.206,0.235
olmo2,shared,449.0,24.0,414.0,136.874,272.56,1.105,9.717,43.994,1.491,0.122,32.983,179.262,121.12,0.19,0.215
opt,shared,652.0,47.0,594.0,222.833,365.993,1.105,9.593,44.454,1.452,0.142,103.594,201.72,161.507,0.196,0.227
patchtsmixer,shared,319.0,136.0,173.0,0.029,168.453,1.107,9.0,33.766,1.216,0.106,1.245,119.167,89.102,0.188,0.254
patchtst,shared,311.0,91.0,211.0,0.03,205.886,1.103,9.176,34.371,1.304,0.113,1.074,155.828,121.068,0.195,0.212
personaplex,shared,1465.0,273.0,1180.0,0.03,1174.604,1.166,9.317,42.332,1.273,3.106,1.438,1113.136,1065.787,0.175,0.213
phi,shared,1163.0,22.0,1131.0,404.151,721.866,1.279,10.246,43.247,1.389,0.125,170.294,478.345,420.509,0.187,0.219
phi4_multimodal,shared,780.0,153.0,617.0,0.027,612.33,1.564,9.047,35.887,1.411,8.468,41.622,510.97,395.499,0.234,0.303
phi_moe,shared,3027.0,23.0,2994.0,2364.613,624.204,1.087,8.54,43.601,1.818,0.133,3.902,562.328,504.398,0.156,0.196
pixart,shared,1104.0,26.0,1066.0,507.172,552.416,1.215,9.384,36.117,1.331,0.216,1.597,499.45,345.057,0.202,0.238
qwen,shared,973.0,53.0,908.0,403.657,498.716,1.189,9.79,42.966,1.368,0.208,111.058,328.851,282.803,0.228,0.283
qwen3_5,exclusive_gpu,3400.0,25.0,3364.0,2802.477,556.457,1.08,8.945,39.908,1.437,0.124,1.609,500.173,380.517,0.188,0.208
qwen3_omni,exclusive_gpu,3278.0,200.0,3066.0,566.431,2495.412,1.194,10.219,35.205,1.342,3.577,1.218,2439.497,2142.755,0.207,0.241
qwen_image,shared,1462.0,177.0,1275.0,0.026,1269.904,1.16,9.301,35.224,1.311,0.391,1.983,1217.414,1019.945,0.207,0.26
qwen_moe,shared,304.0,146.0,146.0,0.023,141.084,0.951,8.71,44.957,1.176,0.096,2.872,79.795,41.652,0.153,0.182
qwen_vl,shared,1042.0,30.0,1001.0,507.266,488.253,1.051,9.948,38.053,1.162,9.553,130.976,294.444,242.812,0.193,0.221
roberta,shared,302.0,127.0,165.0,0.016,160.007,1.161,9.261,31.483,1.28,6.838,1.214,105.895,70.307,0.189,0.213
rwkv,shared,297.0,68.0,218.0,0.035,212.28,1.118,9.637,37.981,1.424,0.128,39.849,119.091,79.529,0.179,0.223
sam,shared,587.0,53.0,524.0,196.023,323.218,1.061,9.132,36.996,1.261,2.992,3.281,265.017,229.255,0.173,0.221
sam3,shared,914.0,299.0,604.0,0.042,599.15,1.166,9.665,34.632,1.368,0.217,9.526,539.395,468.509,0.176,0.214
sana_wm,exclusive_gpu,2838.0,128.0,2678.0,513.096,2159.051,1.365,10.422,46.488,1.452,0.737,48.221,2046.417,1193.564,0.272,0.452
segformer,shared,329.0,32.0,287.0,0.028,279.435,1.564,11.483,33.561,1.307,4.051,3.993,220.07,185.819,0.227,0.272
stablelm,shared,984.0,27.0,947.0,432.386,508.652,1.208,9.352,43.092,1.422,0.118,112.553,337.549,263.264,0.282,0.311
starcoder2,shared,1217.0,25.0,1181.0,620.244,555.329,1.172,11.229,43.813,1.385,0.113,97.18,396.642,292.856,0.24,0.275
t5,shared,388.0,155.0,224.0,0.048,217.884,1.182,8.821,32.665,1.566,0.124,29.063,141.471,105.113,0.183,0.216
timesfm,exclusive_gpu,1105.0,25.0,1070.0,792.702,269.138,1.45,10.334,37.077,1.273,0.112,1.761,213.835,173.988,0.176,0.247
timm_vit,shared,248.0,42.0,195.0,0.016,190.781,1.058,8.943,30.809,1.251,0.107,3.806,142.027,90.1,0.18,0.211
wan_t2v,shared,1856.0,23.0,1823.0,637.998,1179.431,1.63,11.587,38.878,1.369,1.581,1.243,1118.919,945.744,0.219,0.279
whisper,shared,256.0,60.0,186.0,0.03,179.949,1.015,8.548,36.334,1.223,8.625,4.147,117.215,75.134,0.202,0.251
xglm,shared,1192.0,28.0,1153.0,660.03,486.92,1.164,10.218,43.62,1.42,0.124,97.884,327.607,266.156,0.296,0.25
xlnet,shared,342.0,124.0,207.0,0.033,201.719,1.037,9.189,37.608,1.487,6.394,3.884,139.196,104.846,0.208,0.218
z_image,shared,3122.0,22.0,3088.0,2325.952,756.635,1.476,11.157,32.8,1.173,0.262,3.009,703.439,508.52,0.253,0.235
